event_id,start,end,loud_duration_seconds,peak_time,peak_db,baseline_db,clip_window_start,clip_window_end,clip_duration_seconds,clip_file
0,2026-08-20T00:02:27,2026-08-20T00:02:29,2.0,2026-08-20T00:02:29,63.16,45.09,2026-08-20T00:02:12,2026-08-20T00:02:44,32.0,/home/shyla_agrawal/gerald_night_data/night_2026-08-19/peak_audio_clips_2026-08-19/2026-08-20_00-02-29.wav
1,2026-08-20T00:05:25,2026-08-20T00:05:27,2.0,2026-08-20T00:05:27,64.63,45.22,2026-08-20T00:05:10,2026-08-20T00:05:42,32.0,/home/shyla_agrawal/gerald_night_data/night_2026-08-19/peak_audio_clips_2026-08-19/2026-08-20_00-05-27.wav
2,2026-08-20T00:33:28,2026-08-20T00:33:36,8.0,2026-08-20T00:33:32,78.57,47.07,2026-08-20T00:33:13,2026-08-20T00:33:51,38.0,/home/shyla_agrawal/gerald_night_data/night_2026-08-19/peak_audio_clips_2026-08-19/2026-08-20_00-33-32.wav
3,2026-08-20T00:46:32,2026-08-20T00:46:35,3.0,2026-08-20T00:46:34,64.97,46.23,2026-08-20T00:46:17,2026-08-20T00:46:50,33.0,/home/shyla_agrawal/gerald_night_data/night_2026-08-19/peak_audio_clips_2026-08-19/2026-08-20_00-46-34.wav
4,2026-08-20T00:50:06,2026-08-20T00:50:10,4.0,2026-08-20T00:50:09,63.57,44.67,2026-08-20T00:49:51,2026-08-20T00:50:25,34.0,/home/shyla_agrawal/gerald_night_data/night_2026-08-19/peak_audio_clips_2026-08-19/2026-08-20_00-50-09.wav
5,2026-08-20T00:50:55,2026-08-20T00:50:57,2.0,2026-08-20T00:50:56,65.99,46.92,2026-08-20T00:50:40,2026-08-20T00:51:12,32.0,/home/shyla_agrawal/gerald_night_data/night_2026-08-19/peak_audio_clips_2026-08-19/2026-08-20_00-50-56.wav
6,2026-08-20T00:54:17,2026-08-20T00:54:19,2.0,2026-08-20T00:54:18,61.61,44.8,2026-08-20T00:54:02,2026-08-20T00:54:34,32.0,/home/shyla_agrawal/gerald_night_data/night_2026-08-19/peak_audio_clips_2026-08-19/2026-08-20_00-54-18.wav
7,2026-08-20T01:19:54,2026-08-20T01:19:56,2.0,2026-08-20T01:19:56,65.29,45.52,2026-08-20T01:19:39,2026-08-20T01:20:11,32.0,/home/shyla_agrawal/gerald_night_data/night_2026-08-19/peak_audio_clips_2026-08-19/2026-08-20_01-19-56.wav
8,2026-08-20T01:39:39,2026-08-20T01:39:41,2.0,2026-08-20T01:39:40,62.89,45.88,2026-08-20T01:39:24,2026-08-20T01:39:56,32.0,/home/shyla_agrawal/gerald_night_data/night_2026-08-19/peak_audio_clips_2026-08-19/2026-08-20_01-39-40.wav
9,2026-08-20T01:41:19,2026-08-20T01:41:21,2.0,2026-08-20T01:41:21,63.27,45.92,2026-08-20T01:41:04,2026-08-20T01:41:36,32.0,/home/shyla_agrawal/gerald_night_data/night_2026-08-19/peak_audio_clips_2026-08-19/2026-08-20_01-41-21.wav
10,2026-08-20T01:49:12,2026-08-20T01:49:14,2.0,2026-08-20T01:49:14,65.34,45.72,2026-08-20T01:48:57,2026-08-20T01:49:29,32.0,/home/shyla_agrawal/gerald_night_data/night_2026-08-19/peak_audio_clips_2026-08-19/2026-08-20_01-49-14.wav
11,2026-08-20T02:54:37,2026-08-20T02:54:39,2.0,2026-08-20T02:54:38,64.3,45.85,2026-08-20T02:54:22,2026-08-20T02:54:54,32.0,/home/shyla_agrawal/gerald_night_data/night_2026-08-19/peak_audio_clips_2026-08-19/2026-08-20_02-54-38.wav
12,2026-08-20T03:01:43,2026-08-20T03:01:45,2.0,2026-08-20T03:01:44,64.4,45.79,2026-08-20T03:01:28,2026-08-20T03:02:00,32.0,/home/shyla_agrawal/gerald_night_data/night_2026-08-19/peak_audio_clips_2026-08-19/2026-08-20_03-01-44.wav
13,2026-08-20T03:01:59,2026-08-20T03:02:01,2.0,2026-08-20T03:02:01,63.73,47.02,2026-08-20T03:01:44,2026-08-20T03:02:16,32.0,/home/shyla_agrawal/gerald_night_data/night_2026-08-19/peak_audio_clips_2026-08-19/2026-08-20_03-02-01.wav
14,2026-08-20T03:05:28,2026-08-20T03:05:30,2.0,2026-08-20T03:05:29,61.57,45.17,2026-08-20T03:05:13,2026-08-20T03:05:45,32.0,/home/shyla_agrawal/gerald_night_data/night_2026-08-19/peak_audio_clips_2026-08-19/2026-08-20_03-05-29.wav
15,2026-08-20T03:13:18,2026-08-20T03:13:21,3.0,2026-08-20T03:13:20,62.72,45.37,2026-08-20T03:13:03,2026-08-20T03:13:36,33.0,/home/shyla_agrawal/gerald_night_data/night_2026-08-19/peak_audio_clips_2026-08-19/2026-08-20_03-13-20.wav
16,2026-08-20T03:22:23,2026-08-20T03:22:25,2.0,2026-08-20T03:22:25,66.59,45.55,2026-08-20T03:22:08,2026-08-20T03:22:40,32.0,/home/shyla_agrawal/gerald_night_data/night_2026-08-19/peak_audio_clips_2026-08-19/2026-08-20_03-22-25.wav
17,2026-08-20T03:27:18,2026-08-20T03:27:22,4.0,2026-08-20T03:27:20,64.97,45.31,2026-08-20T03:27:03,2026-08-20T03:27:37,34.0,/home/shyla_agrawal/gerald_night_data/night_2026-08-19/peak_audio_clips_2026-08-19/2026-08-20_03-27-20.wav
18,2026-08-20T03:36:10,2026-08-20T03:36:13,3.0,2026-08-20T03:36:12,62.66,45.61,2026-08-20T03:35:55,2026-08-20T03:36:28,33.0,/home/shyla_agrawal/gerald_night_data/night_2026-08-19/peak_audio_clips_2026-08-19/2026-08-20_03-36-12.wav
19,2026-08-20T03:44:23,2026-08-20T03:44:28,5.0,2026-08-20T03:44:25,64.05,45.89,2026-08-20T03:44:08,2026-08-20T03:44:43,35.0,/home/shyla_agrawal/gerald_night_data/night_2026-08-19/peak_audio_clips_2026-08-19/2026-08-20_03-44-25.wav
20,2026-08-20T03:48:44,2026-08-20T03:48:47,3.0,2026-08-20T03:48:46,64.55,45.56,2026-08-20T03:48:29,2026-08-20T03:49:02,33.0,/home/shyla_agrawal/gerald_night_data/night_2026-08-19/peak_audio_clips_2026-08-19/2026-08-20_03-48-46.wav
21,2026-08-20T03:53:14,2026-08-20T03:53:16,2.0,2026-08-20T03:53:16,67.23,46.24,2026-08-20T03:52:59,2026-08-20T03:53:31,32.0,/home/shyla_agrawal/gerald_night_data/night_2026-08-19/peak_audio_clips_2026-08-19/2026-08-20_03-53-16.wav
22,2026-08-20T03:54:23,2026-08-20T03:54:25,2.0,2026-08-20T03:54:24,66.0,46.22,2026-08-20T03:54:08,2026-08-20T03:54:40,32.0,/home/shyla_agrawal/gerald_night_data/night_2026-08-19/peak_audio_clips_2026-08-19/2026-08-20_03-54-24.wav
23,2026-08-20T03:57:53,2026-08-20T03:57:55,2.0,2026-08-20T03:57:55,61.86,45.74,2026-08-20T03:57:38,2026-08-20T03:58:10,32.0,/home/shyla_agrawal/gerald_night_data/night_2026-08-19/peak_audio_clips_2026-08-19/2026-08-20_03-57-55.wav
24,2026-08-20T04:00:34,2026-08-20T04:00:37,3.0,2026-08-20T04:00:36,63.15,45.72,2026-08-20T04:00:19,2026-08-20T04:00:52,33.0,/home/shyla_agrawal/gerald_night_data/night_2026-08-19/peak_audio_clips_2026-08-19/2026-08-20_04-00-36.wav
25,2026-08-20T04:03:13,2026-08-20T04:03:15,2.0,2026-08-20T04:03:15,65.32,46.09,2026-08-20T04:02:58,2026-08-20T04:03:30,32.0,/home/shyla_agrawal/gerald_night_data/night_2026-08-19/peak_audio_clips_2026-08-19/2026-08-20_04-03-15.wav
26,2026-08-20T04:05:51,2026-08-20T04:05:53,2.0,2026-08-20T04:05:52,64.22,46.54,2026-08-20T04:05:36,2026-08-20T04:06:08,32.0,/home/shyla_agrawal/gerald_night_data/night_2026-08-19/peak_audio_clips_2026-08-19/2026-08-20_04-05-52.wav
27,2026-08-20T04:10:46,2026-08-20T04:10:49,3.0,2026-08-20T04:10:48,65.21,46.28,2026-08-20T04:10:31,2026-08-20T04:11:04,33.0,/home/shyla_agrawal/gerald_night_data/night_2026-08-19/peak_audio_clips_2026-08-19/2026-08-20_04-10-48.wav
28,2026-08-20T04:24:24,2026-08-20T04:24:27,3.0,2026-08-20T04:24:26,65.14,46.64,2026-08-20T04:24:09,2026-08-20T04:24:42,33.0,/home/shyla_agrawal/gerald_night_data/night_2026-08-19/peak_audio_clips_2026-08-19/2026-08-20_04-24-26.wav
29,2026-08-20T04:30:51,2026-08-20T04:30:55,4.0,2026-08-20T04:30:53,65.31,48.45,2026-08-20T04:30:36,2026-08-20T04:31:10,34.0,/home/shyla_agrawal/gerald_night_data/night_2026-08-19/peak_audio_clips_2026-08-19/2026-08-20_04-30-53.wav
30,2026-08-20T04:45:14,2026-08-20T04:45:16,2.0,2026-08-20T04:45:15,65.13,46.96,2026-08-20T04:44:59,2026-08-20T04:45:31,32.0,/home/shyla_agrawal/gerald_night_data/night_2026-08-19/peak_audio_clips_2026-08-19/2026-08-20_04-45-15.wav
31,2026-08-20T04:51:24,2026-08-20T04:51:26,2.0,2026-08-20T04:51:26,68.31,49.44,2026-08-20T04:51:09,2026-08-20T04:51:41,32.0,/home/shyla_agrawal/gerald_night_data/night_2026-08-19/peak_audio_clips_2026-08-19/2026-08-20_04-51-26.wav
32,2026-08-20T05:03:13,2026-08-20T05:03:22,9.0,2026-08-20T05:03:17,75.04,50.74,2026-08-20T05:02:58,2026-08-20T05:03:37,39.0,/home/shyla_agrawal/gerald_night_data/night_2026-08-19/peak_audio_clips_2026-08-19/2026-08-20_05-03-17.wav
33,2026-08-20T05:07:39,2026-08-20T05:07:48,9.0,2026-08-20T05:07:43,80.2,48.22,2026-08-20T05:07:24,2026-08-20T05:08:03,39.0,/home/shyla_agrawal/gerald_night_data/night_2026-08-19/peak_audio_clips_2026-08-19/2026-08-20_05-07-43.wav
34,2026-08-20T05:12:29,2026-08-20T05:12:31,2.0,2026-08-20T05:12:30,64.32,46.71,2026-08-20T05:12:14,2026-08-20T05:12:46,32.0,/home/shyla_agrawal/gerald_night_data/night_2026-08-19/peak_audio_clips_2026-08-19/2026-08-20_05-12-30.wav
35,2026-08-20T05:14:08,2026-08-20T05:14:11,3.0,2026-08-20T05:14:08,62.67,46.46,2026-08-20T05:13:53,2026-08-20T05:14:26,33.0,/home/shyla_agrawal/gerald_night_data/night_2026-08-19/peak_audio_clips_2026-08-19/2026-08-20_05-14-08.wav
36,2026-08-20T05:18:20,2026-08-20T05:18:26,6.0,2026-08-20T05:18:24,69.91,50.55,2026-08-20T05:18:05,2026-08-20T05:18:41,36.0,/home/shyla_agrawal/gerald_night_data/night_2026-08-19/peak_audio_clips_2026-08-19/2026-08-20_05-18-24.wav
37,2026-08-20T05:21:51,2026-08-20T05:21:53,2.0,2026-08-20T05:21:51,66.63,50.08,2026-08-20T05:21:36,2026-08-20T05:22:08,32.0,/home/shyla_agrawal/gerald_night_data/night_2026-08-19/peak_audio_clips_2026-08-19/2026-08-20_05-21-51.wav
38,2026-08-20T05:28:06,2026-08-20T05:28:10,4.0,2026-08-20T05:28:08,65.43,46.42,2026-08-20T05:27:51,2026-08-20T05:28:25,34.0,/home/shyla_agrawal/gerald_night_data/night_2026-08-19/peak_audio_clips_2026-08-19/2026-08-20_05-28-08.wav
39,2026-08-20T05:28:12,2026-08-20T05:28:14,2.0,2026-08-20T05:28:14,62.98,46.67,2026-08-20T05:27:57,2026-08-20T05:28:29,32.0,/home/shyla_agrawal/gerald_night_data/night_2026-08-19/peak_audio_clips_2026-08-19/2026-08-20_05-28-14.wav
40,2026-08-20T05:30:17,2026-08-20T05:30:22,5.0,2026-08-20T05:30:19,67.9,47.41,2026-08-20T05:30:02,2026-08-20T05:30:37,35.0,/home/shyla_agrawal/gerald_night_data/night_2026-08-19/peak_audio_clips_2026-08-19/2026-08-20_05-30-19.wav
41,2026-08-20T05:32:28,2026-08-20T05:32:34,6.0,2026-08-20T05:32:30,68.0,47.76,2026-08-20T05:32:13,2026-08-20T05:32:49,36.0,/home/shyla_agrawal/gerald_night_data/night_2026-08-19/peak_audio_clips_2026-08-19/2026-08-20_05-32-30.wav
42,2026-08-20T05:41:20,2026-08-20T05:41:25,5.0,2026-08-20T05:41:23,65.29,49.59,2026-08-20T05:41:05,2026-08-20T05:41:40,35.0,/home/shyla_agrawal/gerald_night_data/night_2026-08-19/peak_audio_clips_2026-08-19/2026-08-20_05-41-23.wav
43,2026-08-20T05:42:29,2026-08-20T05:42:38,9.0,2026-08-20T05:42:33,81.2,52.51,2026-08-20T05:42:14,2026-08-20T05:42:53,39.0,/home/shyla_agrawal/gerald_night_data/night_2026-08-19/peak_audio_clips_2026-08-19/2026-08-20_05-42-33.wav
44,2026-08-20T05:54:41,2026-08-20T05:54:44,3.0,2026-08-20T05:54:43,67.4,49.99,2026-08-20T05:54:26,2026-08-20T05:54:59,33.0,/home/shyla_agrawal/gerald_night_data/night_2026-08-19/peak_audio_clips_2026-08-19/2026-08-20_05-54-43.wav
45,2026-08-20T05:56:17,2026-08-20T05:56:20,3.0,2026-08-20T05:56:19,77.37,56.7,2026-08-20T05:56:02,2026-08-20T05:56:35,33.0,/home/shyla_agrawal/gerald_night_data/night_2026-08-19/peak_audio_clips_2026-08-19/2026-08-20_05-56-19.wav
46,2026-08-20T06:04:34,2026-08-20T06:04:42,8.0,2026-08-20T06:04:37,77.48,50.21,2026-08-20T06:04:19,2026-08-20T06:04:57,38.0,/home/shyla_agrawal/gerald_night_data/night_2026-08-19/peak_audio_clips_2026-08-19/2026-08-20_06-04-37.wav
47,2026-08-20T06:05:02,2026-08-20T06:05:05,3.0,2026-08-20T06:05:03,71.0,53.23,2026-08-20T06:04:47,2026-08-20T06:05:20,33.0,/home/shyla_agrawal/gerald_night_data/night_2026-08-19/peak_audio_clips_2026-08-19/2026-08-20_06-05-03.wav
48,2026-08-20T06:11:55,2026-08-20T06:11:59,4.0,2026-08-20T06:11:57,67.68,50.84,2026-08-20T06:11:40,2026-08-20T06:12:14,34.0,/home/shyla_agrawal/gerald_night_data/night_2026-08-19/peak_audio_clips_2026-08-19/2026-08-20_06-11-57.wav
49,2026-08-20T06:14:11,2026-08-20T06:14:18,7.0,2026-08-20T06:14:13,73.34,54.69,2026-08-20T06:13:56,2026-08-20T06:14:33,37.0,/home/shyla_agrawal/gerald_night_data/night_2026-08-19/peak_audio_clips_2026-08-19/2026-08-20_06-14-13.wav
50,2026-08-20T06:14:22,2026-08-20T06:14:24,2.0,2026-08-20T06:14:24,72.19,55.7,2026-08-20T06:14:07,2026-08-20T06:14:39,32.0,/home/shyla_agrawal/gerald_night_data/night_2026-08-19/peak_audio_clips_2026-08-19/2026-08-20_06-14-24.wav
51,2026-08-20T06:17:59,2026-08-20T06:18:01,2.0,2026-08-20T06:18:00,72.49,55.12,2026-08-20T06:17:44,2026-08-20T06:18:16,32.0,/home/shyla_agrawal/gerald_night_data/night_2026-08-19/peak_audio_clips_2026-08-19/2026-08-20_06-18-00.wav
52,2026-08-20T06:19:36,2026-08-20T06:19:42,6.0,2026-08-20T06:19:38,74.16,54.16,2026-08-20T06:19:21,2026-08-20T06:19:57,36.0,/home/shyla_agrawal/gerald_night_data/night_2026-08-19/peak_audio_clips_2026-08-19/2026-08-20_06-19-38.wav
53,2026-08-20T06:19:51,2026-08-20T06:19:57,6.0,2026-08-20T06:19:54,78.15,54.57,2026-08-20T06:19:36,2026-08-20T06:20:12,36.0,/home/shyla_agrawal/gerald_night_data/night_2026-08-19/peak_audio_clips_2026-08-19/2026-08-20_06-19-54.wav
54,2026-08-20T06:21:34,2026-08-20T06:21:38,4.0,2026-08-20T06:21:37,83.56,57.66,2026-08-20T06:21:19,2026-08-20T06:21:53,34.0,/home/shyla_agrawal/gerald_night_data/night_2026-08-19/peak_audio_clips_2026-08-19/2026-08-20_06-21-37.wav
55,2026-08-20T06:23:17,2026-08-20T06:23:20,3.0,2026-08-20T06:23:19,79.15,57.61,2026-08-20T06:23:02,2026-08-20T06:23:35,33.0,/home/shyla_agrawal/gerald_night_data/night_2026-08-19/peak_audio_clips_2026-08-19/2026-08-20_06-23-19.wav
